url,category,true,pred,score,confidence,gnn,nlp,visual,nodes
https://google.com,legit,0,0,1.0,low,0.08,0.5,,0
https://youtube.com,legit,0,0,1.0,low,0.08,0.5,,0
https://facebook.com,legit,0,0,44.19,low,0.5,0.5,,0
https://baidu.com,legit,0,0,44.19,low,0.5,0.5,,0
https://wikipedia.org,legit,0,0,44.19,low,0.5,0.5,,0
https://yahoo.com,legit,0,0,44.19,low,0.5,0.5,,0
https://qq.com,legit,0,0,44.19,low,0.5,0.5,,0
https://taobao.com,legit,0,0,44.19,low,0.5,0.5,,0
https://amazon.com,legit,0,0,1.0,low,0.08,0.5,,0
https://tmall.com,legit,0,0,44.19,low,0.5,0.5,,0
https://twitter.com,legit,0,1,78.02,high,0.5,0.5,,0
https://instagram.com,legit,0,0,44.19,low,0.5,0.5,,0
https://linkedin.com,legit,0,0,1.0,low,0.08,0.5,,0
https://live.com,legit,0,0,44.19,low,0.5,0.5,,0
https://weibo.com,legit,0,0,44.19,low,0.5,0.5,,0
https://vk.com,legit,0,0,44.19,low,0.5,0.5,,0
https://reddit.com,legit,0,0,44.19,low,0.5,0.5,,0
https://netflix.com,legit,0,0,1.0,low,0.08,0.5,,0
https://zoom.us,legit,0,1,78.02,high,0.5,0.5,,0
https://microsoft.com,legit,0,0,1.0,low,0.08,0.5,,0
http://paypal-login-verify.xyz,phishing,1,1,97.74,high,0.5,0.5,,0
http://secure-update-apple.com,phishing,1,1,97.74,high,0.5,0.5,,0
http://netflix-account-recovery.top,phishing,1,1,97.74,high,0.5,0.5,,0
http://login.microsoftonline.support.com,phishing,1,1,99.16,high,0.5,0.5,,0
http://chase-bank-verify-info.com,phishing,1,1,97.74,high,0.5,0.5,,0
http://amazon-security-alert.net,phishing,1,1,97.74,high,0.5,0.5,,0
http://www.google-login.xyz,phishing,1,1,97.74,high,0.5,0.5,,0
http://facebook-security.info,phishing,1,1,97.74,high,0.5,0.5,,0
http://instagram-verify-badge.cc,phishing,1,1,97.74,high,0.5,0.5,,0
http://wellsfargo-update.com,phishing,1,1,90.61,high,0.5,0.5,,0
http://boa-secure.com,phishing,1,1,90.61,high,0.5,0.5,,0
http://fedex-tracking-delivery.info,phishing,1,1,97.74,high,0.5,0.5,,0
http://dhl-package-tracker.net,phishing,1,1,97.74,high,0.5,0.5,,0
http://usps-redelivery.com,phishing,1,1,90.61,high,0.5,0.5,,0
http://binance-login.xyz,phishing,1,1,97.74,high,0.5,0.5,,0
http://coinbase-secure.top,phishing,1,1,97.74,high,0.5,0.5,,0
http://metamask-wallet-connect.cc,phishing,1,1,97.74,high,0.5,0.5,,0
http://trustwallet-verify.net,phishing,1,1,90.61,high,0.5,0.5,,0
http://outlook-webmail-update.com,phishing,1,1,97.74,high,0.5,0.5,,0
http://yahoo-mail-recovery.info,phishing,1,1,97.74,high,0.5,0.5,,0
http://xn--gogle-0ta.com,suspicious,1,1,97.74,high,0.5,0.5,,0
http://xn--m1crosoft-9ib.com,suspicious,1,1,97.74,high,0.5,0.5,,0
http://xn--1nstagram-4wb.com,suspicious,1,1,97.74,high,0.5,0.5,,0
http://192.168.1.1,suspicious,1,1,94.08,high,0.5,0.5,,0
http://10.0.0.1,suspicious,1,1,94.08,high,0.5,0.5,,0
http://172.16.0.1,suspicious,1,1,94.08,high,0.5,0.5,,0
http://8.8.8.8,suspicious,1,1,94.08,high,0.5,0.5,,0
http://1.1.1.1,suspicious,1,1,94.08,high,0.5,0.5,,0
http://cloudflare-ipfs.com,suspicious,1,1,90.61,high,0.5,0.5,,0
http://free-movies-online.top,suspicious,1,1,97.74,high,0.5,0.5,,0
http://download-crack-software.xyz,suspicious,1,1,97.74,high,0.5,0.5,,0
http://cheap-pills-now.biz,suspicious,1,1,97.74,high,0.5,0.5,,0
http://win-iphone-14.club,suspicious,1,1,97.74,high,0.5,0.5,,0
http://make-money-fast.online,suspicious,1,1,97.74,high,0.5,0.5,,0
http://crypto-giveaway.net,suspicious,1,1,90.61,high,0.5,0.5,,0
http://bitcoin-multiplier.info,suspicious,1,1,97.74,high,0.5,0.5,,0
http://elon-musk-crypto.cc,suspicious,1,1,97.74,high,0.5,0.5,,0
http://tiktok-followers-free.xyz,suspicious,1,1,97.74,high,0.5,0.5,,0
http://instagram-likes.top,suspicious,1,1,97.74,high,0.5,0.5,,0
http://buy-real-followers.biz,suspicious,1,1,97.74,high,0.5,0.5,,0
https://bit.ly/3Qn3Xtz,redirect,1,1,85.4,high,0.5,0.5,,0
https://tinyurl.com/2p9f727w,redirect,1,1,78.02,high,0.5,0.5,,0
https://t.co/1234567890,redirect,1,1,85.4,high,0.5,0.5,,0
https://goo.gl/maps/12345,redirect,1,1,78.02,high,0.5,0.5,,0
https://cutt.ly/abcde,redirect,1,1,78.02,high,0.5,0.5,,0
https://is.gd/xyz123,redirect,1,1,85.4,high,0.5,0.5,,0
https://buff.ly/abcde,redirect,1,1,78.02,high,0.5,0.5,,0
https://ow.ly/xyz123,redirect,1,1,78.02,high,0.5,0.5,,0
https://bit.ly/12345,redirect,1,1,97.74,high,0.5,0.5,,0
https://tinyurl.com/abcde,redirect,1,1,78.02,high,0.5,0.5,,0
https://t.co/abcde,redirect,1,1,85.4,high,0.5,0.5,,0
https://goo.gl/abcde,redirect,1,1,85.4,high,0.5,0.5,,0
https://cutt.ly/12345,redirect,1,1,78.02,high,0.5,0.5,,0
https://is.gd/12345,redirect,1,1,85.4,high,0.5,0.5,,0
https://buff.ly/12345,redirect,1,1,78.02,high,0.5,0.5,,0
https://ow.ly/12345,redirect,1,1,97.74,high,0.5,0.5,,0
https://bit.ly/xyz123,redirect,1,1,78.02,high,0.5,0.5,,0
https://tinyurl.com/xyz123,redirect,1,1,85.4,high,0.5,0.5,,0
https://t.co/xyz123,redirect,1,1,85.4,high,0.5,0.5,,0
https://goo.gl/xyz123,redirect,1,1,85.4,high,0.5,0.5,,0
https://accounts.google.com,complex_legit,0,0,1.0,low,0.08,0.5,,0
https://login.microsoftonline.com,complex_legit,0,1,78.02,high,0.5,0.5,,0
https://appleid.apple.com,complex_legit,0,0,1.0,low,0.08,0.5,,0
https://github.com/login,complex_legit,0,0,1.0,low,0.08,0.5,,0
https://aws.amazon.com/console/,complex_legit,0,0,1.0,low,0.08,0.5,,0
https://portal.azure.com,complex_legit,0,0,44.19,low,0.5,0.5,,0
https://cloud.google.com,complex_legit,0,0,1.0,low,0.08,0.5,,0
https://www.paypal.com/signin,complex_legit,0,0,44.19,low,0.5,0.5,,0
https://secure.netflix.com,complex_legit,0,1,44.19,low,0.5,0.5,,0
https://accounts.spotify.com,complex_legit,0,0,44.19,low,0.5,0.5,,0
https://id.heroku.com/login,complex_legit,0,0,44.19,low,0.5,0.5,,0
https://accounts.firefox.com,complex_legit,0,0,44.19,low,0.5,0.5,,0
https://auth.atlassian.com,complex_legit,0,0,44.19,low,0.5,0.5,,0
https://app.slack.com,complex_legit,0,0,44.19,low,0.5,0.5,,0
https://discord.com/login,complex_legit,0,0,44.19,low,0.5,0.5,,0
https://www.dropbox.com/login,complex_legit,0,0,44.19,low,0.5,0.5,,0
https://zoom.us/signin,complex_legit,0,0,44.19,low,0.5,0.5,,0
https://auth.tesla.com,complex_legit,0,0,44.19,low,0.5,0.5,,0
https://id.cisco.com,complex_legit,0,0,44.19,low,0.5,0.5,,0
https://sso.godaddy.com,complex_legit,0,0,44.19,low,0.5,0.5,,0
